timestamp,modus,result,moves
2025-07-21T20:53:22.512107,KI_vs_KI,1/2-1/2,g3;f5;Nh3;h6;Na3;g6;g4;d5;Nb1;fxg4;d3;g3;e3;c6;Be2;Bg4;c3;g2;Qd2;gxh1=N;Kf1;Nf6;Qe1;b6;b4;Nxf2;Qd1;Qd7;b5;Nxh3;Bb2;Na6;Qd2;Ng8;Ba3;Nc5;Qd1;Rd8;Ke1;Nb3;Bd6;Bf3;Qc1;Ng5;bxc6;Bh5;h4;Qe6;Qb2;Nf6;Nd2;Qf5;Bg3;Bg4;Bf2;Kf7;Kf1;Nfh7;Bd1;Rd6;d4;Be2+;Ke1;Kg7;e4;Rd7;c7;Bf1;c8=Q;Qh3;Bc2;Bd3;Qd8;Qf5;Qc1;Nxe4;Bb1;Nxf2;a3;Kg8;Bc2;Nd1;Bxb3;e6;Ne4;Qh3;Bc4;Rf7;Bxd5;Rf3;Qc8;b5;Nd6;Rf7;Qb2;Nf6;Kd2;Nxd5;Qa2;Be2;Qb7;h5;Qc4;Nc7;Qb4;Bh6+;Kxe2;Qh1;Qb8+;Rf8;a4;Qg2+;Ke1;Qg1+;Ke2;Qg2+;Kxd1;Qa2;Rb1;Qc4;Q4xb5;Qb4;Nc8;Qb3+;Rxb3;Ne8;Nd6;Kg7;Qc7+;Rf7;Qd5;Re7;Qxe7+;Kg8;Rb2;a6;Qd8;g5;Nf7;Kf8;a5;Kg7;Q8d7;Kg8;Rg2;Nf6;Nd8;Kf8;Qc8;Ke7;Qdc6;Bg7;Qe4;Nd7;Qe2;Nb6;hxg5;Kf8;Qd3;Kg8;Nf7+;Nxc8;Re2;e5;Rd2;Na7;Ke2;Bh6;Qb1;Nb5;Qc2;Nxd4+;Ke3;Kxf7;Qa4;Kg8;Qa1;Rh7;Rd3;Kf7;Ke4;Ne6;Qb2;Nc7;Qf2+;Kg7;Rf3;Kg8;Qd4;Bxg5;Qb6;Nb5;Qh6;Be7;Kd3;Bd8;Kc4;Bh4;Qb6;Nd6+;Kd5;Nc8;Qe3;Rh8;Qa7;Bf6;Qh7+;Kf8;Rd3;Bd8;Rf3+;Bf6;Qg8+;Rxg8;Kc5;Rg5;c4;Rg3;Kb4;Ke8;Kc3;Kf8;Kd2;Rg6;Kd1;Ke7;Ke1;Nb6;axb6;Bg5;Rf7+;Kxf7;c5;Ke8;Kf1;Ke7;Ke1;Bf6;Ke2;Bh8;Ke3;Re6;c6;Kf6;Ke4;Kg7;Kf5;Rh6;c7;Rf6+;Kxe5;Rg6;Kf4;Rd6;c8=B;Rd1;Ke5;Kg8+;Kf5;Rd3;Ke4;Kg7;Be6;Rh3;Bxh3;a5;Kd3;Kf7;Kc2;Kg7;Kd2;Kf7;Ke2;a4;Bg2;Ke7;Bh1;Kd7;Ke3;Bd4+;Kf3;Be5;Kg2;Ke6;Kf3;Bf4;Ke2;Bd6;b7;a3;Be4;Kf6;Bd5;Be5;Be6;Kg7;Ke1;Bb8;Ke2;Ba7;Bg4;Bg1;Kd3;Kg8;Bd7;Kf7;Kc2;Bb6;b8=R;Kf6;Ba4;Ba5;Rb5;h4;Rb8;Bb6;Kc1;Bc5;Rb3;Ke7;Bb5;Bf2;Kd2;Kd6;Rb4;Be3+;Kd3;Ke6;Ba6;Kd7;Rb7+;Ke6;Re7+;Kf5;Re5+;Kg4;Kxe3;a2;Kd3;a1=N;Re8;h3;Re1;h2;Kd4;h1=B;Re4+;Kh3;Rh4+;Kg3;Bd3;Ba8;Rg4+;Kh3;Kc5;Nc2;Ra4;Na3;Rb4;Nc2;Bg6;Bb7;Kd6;Nxb4;Ke7;Nd5+;Kd6;Bc8;Bd3;Kg3;Kxd5
2025-07-21T20:53:22.515211,KI_vs_KI,1-0,h3;f6;a3;b5;d4;b4;b3;f5;Bg5;Kf7;g3;Bb7;f3;Bxf3;Kd2;Bxh1;Nf3;Nh6;Nc3;Qe8;axb4;Ng8;Ne5+;Ke6;Nf7;Bd5;Nd8+;Kd6;Rb1;Bc6;Rc1;Qh5;Kd3;e6;e4;Bb5+;Nxb5#
2025-07-21T20:53:22.543294,KI_vs_KI,1/2-1/2,h4;g6;Nc3;f6;g4;d6;d3;Bh6;Nh3;e5;b4;Bg5;f4;Qe7;fxg5;a6;h5;e4;Bg2;gxh5;a4;Qf8;Kf1;Bf5;e3;Kd7;Qd2;d5;Nf4;hxg4;d4;Kc8;Bf3;Nc6;Rh3;Qc5;Ba3;b5;Nh5;Rb8;Kf2;Nxb4;gxf6;Qc6;Kg2;exf3+;Kg3;Bd3;Kxg4;Ne7;Ra2;Bxc2;Rh1;Bb3;Rh4;Bd1;Rc2;Ng6;Bb2;Nf4;Ne2;Bxc2;axb5;Qb6;Nhg3;Ba4;Ba3;Kd7;Kxf4;Na2;Bc5;Rbf8;Rh6;Qb8;Be7;Rd8;Nc1;Rhg8;Qb2;Qb7;Nf5;Rgf8;Nd6;Rb8;e4;Bc2;f7;Rbc8;Bf6;Rfe8;Qc3;Ra8;Qe1;Rec8;Kg5;Re8;fxe8=B+;Rxe8;Qc3;Bxe4;Kh4;Re6;Qd2;Qa8;Ne8;Bd3;Qb2;Qxe8;Kg4;Re2;Qa3;Qf7;Kxf3;Re3+;Kg2;a5;Qf8;Qg7+;Kh1;Ke6;Qh8;Rg3;Ne2;Qf8;Qg8+;Kf5;Rh2;Qf7;Rxh7;Rg7;Bxg7;a4;b6;Qg6;Qc8+;Kg5;Be5;Qf7;Rh3;Qg7;Bxg7;Bc2;b7;Bg6;Bh8;Nb4;Bg7;Bd3;Rg3+;Kh5;Bh8;Kh6;b8=N;Na6;Qg8;Nc5;Qg4;Nd7;Re3;Nb6;Nf4;Bf5;Re8;Bg6;Ne2;Bb1;Kh2;Bc2;Re7;Bf5;Re5;Bg6;Qc8;Bd3;Kh1;c5;Re6+;Bg6;Rxg6+;Kh7;Rd6;cxd4;Qb7+;Kxh8;Qf7;d3;Nd4;Nc8;Rb6;Ne7;Nf3;Nf5;Nc6;Nd6;Nce5;Nxf7;Ng5;a3;Rd6;Kg8;Nc6;Nd8;Rd7;a2;Rf7;Nxf7;Nb4;Kh8;Nxf7+;Kh7;Ne5;Kh8;Ng4;d2;Nh6;Kg7;Nf5+;Kf6;Nc6;d1=R+;Kh2;Rh1+;Kg2;Rh6;Kf2;Rh8;Nd8;Rh5;Nd6;Ke5;Nb5;Rh2+;Kf1;Rg2;Nd6;Rg7;Nc8;Kf4;Nb6;Kg3;Na8;a1=B;Nf7;Kh4;Ke2;Rg1;Ne5;Bc3;Ng6+;Kg3;Nf8;Kg2;Nb6;Ba1;Nh7;Rh1;Nc8;Kh3;Ke3;Rd1;Ke2;d4;Ne7;Rb1;Nc8;Rb3;Nd6;Rg3;Kd2;Rg4;Nc8;Rg8;Nd6;Bc3+;Kd1;Rg7;Nc8;Rg2;Na7;Rc2;Ng5+;Kh4;Kxc2;Kg3;Ne4+;Kh4;Nc5;Kg5;Kb3;Kf5;Nb7;Ba1;Nb5;Kg4;Na5;Kh3;Nc4;d3;Nd2;Kg3;Nc4;Kf2;Ne3;Be5;Ng2;Bh8;Nd6;Kg3;Nc4;Bf6;Nge3;Kh2;Nf1+;Kh3;Ncd2;Kg4;Nh2+;Kh3;Nhf3;Kg3;Ng1;Be7;Nb1;Kg4;Kc4;Bf8;Na3;Kg5;Nb1;Bh6;Nc3;Bf8;Nf3+;Kf4;Kb3;Bb4;Ne2+;Kg4;Neg1;Ba3;Kc4;Bb4;Kd5;Kh5;Kd4;Ba3;Kxd3;Bb4;Ne1;Bf8;Ke4;Kh4;Nef3+;Kg3;Ne2+;Kg2;Kd5;Ba3;Kc4;Bd6;Kb3;Be7;Ne5;Kf1;Nd3;Bd8;Nb2;Kg2;Nc4;Bf6;Ne5;Bg5;Nc6;Kf3;Kc2;Kg2;Ng3;Kg1;Kb3;Kg2;Ne4;Bf6;Nb4;Bb2;Nc6;Kh2;Ka4;Bc1;Ng5;Kg2;Na5;Bb2;Kb3;Ba3;Ka4;Kf1;Nb7;Bf8;Nd8;Ke1;Ka5;Bc5;Nh7;Bb4+;Kxb4;Kd2;Kb3;Ke3;Kc3;Ke4;Nf6+;Kf5;Kd4;Kxf6
2025-07-21T20:53:22.572549,KI_vs_KI,1/2-1/2,d3;a6;d4;g6;a3;b5;h4;Bh6;e3;Kf8;b3;Qe8;g4;Bb7;e4;e5;Nc3;Nc6;Bc4;Ra7;Qe2;Nf6;Rb1;Nxe4;Bd2;Nf6;Rh2;Qe6;Rh3;Qxg4;Na4;bxc4;f4;Ne7;c3;Kg7;Qg2;Nfd5;Rg3;c5;b4;Qg5;Nxc5;f6;b5;Bc6;Qf1;Rf8;Qf3;Kf7;fxg5;Rg8;Rg4;Rc7;Rb4;Rg7;bxa6;Nf5;Nd3;Kf8;Rb7;Rg8;Qf1;cxd3;a7;Nd6;Qe2;Nb4;Rb5;Bf3;dxe5;Rc4;Re4;Bg2;Qf3;Bh3;Ra5;Nf5;Kf2;d5;a4;Bxg5;Be3;Na6;e6;d2;Qe2;Nc7;Rxd5;Ke8;Rd3;Rd4;Qg4;Rg7;Ke2;Rd8;Kd1;Bxh4;Nf3;Bf1;Qg2;Nd6;a8=N;Be1;Ne5;Nd5;Bh6;Rb7;Qg1;Bf2;Rxd2;Ne3+;Bxe3;f5;Bb6;Bxb6;Rdd4;Rf7;Qg2;Nb7;exf7+;Ke7;Rf4;Rc8;Kc2;Bc4;Nxc4;Na5;Kd2;Ba7;Rd6;Kf8;Qf1;Kg7;Qe1;Kf8;Qe4;Bf2;Qf3;Nxc4+;Kc2;g5;Qe2;Na3+;Kc1;Rc7;Rb4;Bg1;Qb2;Kg7;Qxa3;h6;Qb2;Rxc3+;Qxc3+;Bd4;Kb2;Be5;Rb7;h5;Ra7;h4;Qd4;Bxd4+;Ka3;Ba1;Re6;h3;Ka2;Bb2;f8=N+;Kh8;Nc7;h2;Re8;Bc3;Raa8;Ba1;Kb3;Bg7;Kc2;Bf6;Re6;h1=B;Na6;Ba1;Ra7;Bd5;Rc6;Bc4;Ra8;Bd3+;Kd1;Be4;Rc2;Bg7;Ne6+;Bf8;Nd4;Bd3;Ra2;g4;Nc2;Be4;Ra3;Bc6;Ke1;f4;Re3;Kg7;Ree8;Bh1;Ne3;Kh8;Ng2;g3;Re2;Kg7;Ra2;Kh6;Rd2;Bxg2;Rd3;Bg7;Ra7;Ba8;Ke2;Bc6;Rc7;f3+;Ke1;Kh7;Ra7;Kh8;Nc7;Bd5;Ra5;Bc3+;Kf1;Bg8;Rd8;Ba1;Re5;Bb2;Rh5+;Kg7;Rh1;Ba3;Na6;Bc1;Rd7+;Kg6;Rdh7;Bb2;R7h2;Kg5;Rh6;Bg7;Rf6;Kg4;Re6;Kg5;Rf6;Be6;Rh7;Bh8;Rxe6;Bg7;Rh1;f2;Rh7;Bf6;Re2;Bd4;Rh3;g2+;Kxg2;f1=Q+;Kh2;Bb2;Rc2;Qa1;Rd2;Qe1;Rh8;Ba3;Rhd8;Kf6;Re8;Bb2;Rd6+;Kg5;Rg8+;Kh5;Kh3;Qd2;Nc7;Bf6;Rg1;Qc3+;Rg3;Qd4;Ra6;Qe5;a5;Qa1;Rg5+;Kxg5;Re6;Qb1;Ne8;Bc3;Re3;Kf5;Nf6;Qh1+;Kg3;Qh8;Ng4;Bb2;Rb3;Qa8;Kf2;Qh8;Rb6;Qh6;Rb4;Bf6;Rb7;Qh8;Rb3;Qf8;Nh6+;Qxh6;Ke1;Qh1+;Kf2;Bd4+;Ke2;Bb2;Kd2;Kg5;a6;Kh6;Rb8;Kg7;Rd8;Qf3;Rb8;Qb7;Ke3;Qb5;Rb7+;Kg8;Re7;Bd4+;Ke4;Ba7;Re8+;Kg7;Rg8+;Kf7;Kf3;Qh5+;Kg3;Qe5+;Kf3;Kxg8;Kg2;Qf4;Kh3;Qg3+;Kxg3;Kg7;Kg2;Kh8;Kh1;Kh7;Kg2;Kh8;Kh1;Kh7;Kg2;Kh6;Kh2;Bb8+;Kh1;Bg3;a7;Bf4;a8=N;Be3;Nb6;Kg5;Kg2;Kg4;Nd7;Bc5;Nxc5
2025-07-21T20:53:22.603516,KI_vs_KI,1/2-1/2,c4;c5;f4;d5;h3;h5;f5;Kd7;Na3;Kc7;Qb3;b5;Nc2;Bd7;f6;Nc6;fxg7;Nh6;Kd1;bxc4;Ke1;Nb8;Qb7+;Kxb7;gxf8=N;Qa5;Nb4;Bf5;e3;Qxb4;Nf3;Rxf8;g3;Rc8;Rg1;Be4;Bxc4;a6;Ng5;Bh1;Ne6;Ka7;Nd8;e6;a3;Nc6;Kf2;d4;Ke1;Qb6;Kd1;Nb4;Rxh1;dxe3;Bxe6;fxe6;h4;Qc6;Nb7;Nd3;Re1;Qd6;Na5;Rh8;b4;Rhf8;g4;Qc7;Rf1;Nxc1;Ke1;Rf7;Rh1;Rh8;Nb3;Qa5;Rg1;Nxb3;a4;Rd7;d3;Rdd8;bxa5;e5;g5;Nxa5;Ra2;Rdf8;Rh2;Rf3;g6;c4;Rhg2;Rhf8;Ra2;Rg3;Ra1;Nc6;Rd1;e4;Rf1;Rf5;Rh1;Ng4;Ra1;Rf4;Rd1;Rf5;dxe4;Nf2;g7;Kb6;g8=Q;Nxe4;Rd3;Rc5;Qh7;Nd6;Qe4;Ka7;Qxe3;Rxe3+;Kf2;Na5;Kxe3;Nb5;Ra3;Nc7;Rd3;Re5+;Kf3;Na8;Kf2;Rb5;Rc3;Rb7;Ra1;Rb4;Rd3;Nb7;Rad1;Nb6;Rg3;Nc5;Ra3;Rb5;Rh1;Nb3;Kf1;Na1;Rxa1;Na8;Rc1;Ra5;Rh3;Rb5;Rc2;a5;Re3;Rf5+;Rf3;Rb5;Rf6;Rb2;Re6;c3;Re4;Rb4;Rxc3;Rc4;Rc1;Rc8;Kg1;Rc2;Ra1;Rc1+;Kg2;Kb6;Kf3;Ka7;Ra2;Ra1;Ra3;Kb6;Ra2;Rf1+;Ke3;Ka7;Kd3;Nc7;Kc2;Re1;Kb2;Nd5;Rb4;Re8;Rf4;Nc3;Ra1;Na2;Rf7+;Ka6;Rff1;Nb4;Ra3;Rh8;Rf4;Rh7;Rg3;Rd7;Rh3;Rg7;Ka1;Rg6;Ra3;Na2;Rf8;Rf6;Kb1;Re6;Kb2;Rb6+;Ka1;Ka7;Rf7+;Ka8;Rf6;Rb8;Rb3;Rd8;Rg6;Rf8;Rf6;Rf7;Rfb6;Rd7;Ra6+;Ra7;Rb5;Nc1;Rb4;Rxa6;Rc4;Ra7;Rxc1;Rc7;Rc3;Rxc3;Kb1;Rg3;Kc1;Rc3+;Kb1;Rg3;Ka1;Ka7;Kb1;Rg2;Ka1;Rd2;Kb1;Re2;Kc1;Rd2;Kxd2;Kb6;Ke3;Kc7;Ke2;Kb6;Kd2;Kb7;Kd1;Ka7;Kd2;Kb7;Kc3;Ka8;Kd2;Ka7;Kd3;Kb6;Ke3;Kb7;Kd3;Kc6;Kc3;Kd5;Kb3;Kd4;Kb2;Kd3;Kb3;Ke2;Kb2;Kf3;Kc1;Ke2;Kb2;Kf1;Kc3;Kg2;Kb3;Kg3;Kc2;Kf3;Kb3;Ke3;Kc4;Kf3;Kc5;Kf2;Kc6;Kg2;Kb5;Kf1;Kxa5;Ke1;Kb4;Kf2;Kc3;Ke2;Kb3;Ke3;Kc4;Kd2;Kb4;Kd3;Ka5;Ke4;Kb4;Kd4;Kb5;Kd5;Ka5;Kd6;Kb5;Kc7;a5;Kc8;Kc6;Kd8;Kb5;Ke8;Kc4;Kf8;Kd4;Ke7;Kc5;Ke8;Kb5;Kd7;Ka6;Kc7;Ka7;Kc6;Kb8;Kd6;Kc8;Ke7;Kb7;Kd8;Ka6;Kc8;Ka7;Kc7;Ka8;Kc8;Ka7;Kd8;Ka6;Kc7;Kb5;Kc8;Kb6;Kd7;Ka6;Kd6;Ka7;Kd7;a6;Kd6;Kb8;Kc5;a7;Kb6;a8=Q;Kc5;Qe4;Kd6;Qe2;Kc6;Qg2+;Kd6;Ka7;Kd7;Kb8;Ke8;Qa2;Kd8;Qa1;Ke7;Qa6;Kd7;Kb7;Ke8;Qg6+;Kd8;Qb6+;Ke8;Qa6;Kf7;Qf6+;Kxf6;Kb6;Ke7;Ka5;Kf6;Kb5;Kg7;Kc6;Kf7;Kb7;Kf8;Ka7;Ke8;Ka6;Ke7;Ka7;Kd8;Kb6;Kd7;Kc5;Ke6;Kd4;Kf6;Kd5;Kf5;Kc6;Kg4;Kb6;Kxh4;Ka6;Kg3;Kb6;Kh2;Ka5;h4;Kb6;Kh3;Kb5;Kg4;Ka4;Kf5;Kb3;Kf6;Kb2;h3;Kb3;Ke6;Kc2;Kf7;Kd2;Ke7;Ke3;Ke6;Ke4;Ke7;Kf3;Kf6;Ke2;h2;Ke3;Kf5;Kd3;Kf6;Kd4;Kf7;Kc3;Kg7;Kd4;Kg8;Kc3;h1=Q;Kc2;Qa1;Kd3;Qc3+;Kxc3
2025-07-21T20:53:22.630932,KI_vs_KI,1/2-1/2,b4;c5;Nh3;f5;e3;Kf7;Qf3;Na6;Be2;Qe8;O-O;h6;e4;Nf6;b5;Nh7;g3;Qd8;Qxf5+;Nf6;b6;g5;Bb2;Nc7;Bd1;Qe8;Re1;Rg8;Ba3;Nb5;c3;Nxc3;d3;Rh8;Bg4;Rb8;Qd5+;Nfxd5;Bxc5;axb6;Ba3;Ne3;Bb2;Ned5;Nxc3;e6;Bxe6+;Kxe6;e5;Bg7;Nb1;d6;Re3;Qf8;Ba3;h5;Kf1;Ke7;Ng1;Nf4;gxf4;Bd7;e6;Qe8;Re5;Kf6;h3;Kg6;Rb5;Rc8;Rxb6;Bd4;Nd2;Rb8;Ra6;Rf8;Rb1;Kf6;Ke1;Bc5;Rbb6;Kxe6;Rb4;Rf7;Rb2;Qh8;Ra7;Bxa3;Raxb7;Rbf8;R2b4;d5;Nc4;Qh7;f3;Bb5;f5+;Kf6;Kf2;Rc8;Ke3;Rxb7;Ra4;dxc4;Kd2;Ra7;Ke3;Ke5;Rb4;Ra6;d4+;Kd5;Rxc4;Rc7;Rc2;Qe7+;Kf2;Qf7;f6;Rd6;Rc1;Be8;Ke1;Rdc6;Rc5+;Ke6;Rc2;Rd6;h4;Rcc6;Rd2;Qe7;Kf1;Bc5;f7;Kd7;fxe8=N;Bxd4;Nf6+;Bxf6;Rf2;Qe1+;Kxe1;Be7;Rg2;Kc8;Kf2;Rc3;Ke2;Rh6;f4;Ra6;Rf2;Ra8;Kd2;g4;f5;Re3;Ne2;Ba3;Kd1;Re7;Kd2;Re5;Rf1;Ra6;Rh1;Kc7;Rh2;Bb4+;Kd3;Rb6;f6;Bf8;Rh3;Rb4;f7;Kd8;Ng1;Be7;Re3;Rf4;Re2;Rd5+;Kc2;Ra4;Kc3;Rd7;Nh3;Rc4+;Kxc4;Bb4;Re7;Rxe7;Kb5;Bc3;Ng1;Re6;Kc4;Re4+;Kd3;Bb2;f8=B;Ke8;Bg7;g3;Bh6;Bc1;Nh3;Bb2;Be3;Ba1;Bd2;Re3+;Kc4;Re4+;Kb5;Ke7;Ng5;Rb4+;Kc5;Rf4;Be1;Rf5+;Kb4;Be5;Ka5;Rf1;Kb4;Bg7;Nh7;Rf2;Bd2;Bh8;a4;Rf8;Kb5;Rg8;Kc4;Ba1;Be3;Rf8;Bd4;Kd8;Bh8;Rf6;Nxf6;Bd4;a5;Be3;Nd7;Bf4;Kd4;g2;Ne5;Bd2;Nf3;g1=B+;Kc4;Bge3;Kb5;Bc5;Bd4;Be7;Bb2;Bdb4;Bg7;Bxh4;Ne5;Bc3;Kc6;Bxe5;Kb7;Bb2;Bf6+;Kd7;Bg5;Bc1;Be7;Bg3;Bf6;Be1;Ba1;Bh6;Ka6;Ke7;Bc3;Kd8;Bg7;Bh4;Bh8;B6g5;Kb5;Bh6;Be5;Bc1;Kc6;Be1;Kb7;Bed2;a6;Ke8;Bb8;Ke7;Kc6;Kf8;a7;Ke8;Be5;Ba5;a8=Q+;Bd8;Qa1;Bcg5;Qg1;Kf7;Qc5;Bd2;Qf2+;Bf6;Bb8;Kf8;Bh2;Ba5;Qd4;Bb6;Qe5;Bc5;Qxf6+;Kg8;Kxc5;h4;Qxh4;Kg7;Qd8;Kf7;Qd3;Ke6;Qg6+;Ke7;Qh7+;Kf6;Bd6;Kg5;Kc4;Kf6;Kb5;Kg5;Ka6;Kf6;Be5+;Kxe5;Qg8;Kf5;Qg7;Ke4;Qg3;Kf5;Ka7;Kf6;Qe3;Kg7;Qc1;Kf8;Qd1;Ke7;Ka8;Kf7;Kb7;Kf8;Qg4;Kf7;Qg2;Ke7;Qg8;Kd7;Qg6;Ke7;Qg4;Kf7;Qg8+;Ke7;Qd5;Kf6;Qf5+;Ke7;Kc6;Kd8;Qe6
2025-07-21T20:53:22.669485,KI_vs_KI,1/2-1/2,d3;c6;Nh3;Nh6;Kd2;b6;d4;f5;a3;Rg8;g3;a6;Nf4;g6;c4;Ra7;Qc2;d6;Ra2;Rc7;Nxg6;a5;Qa4;Rg7;Ne5;f4;Bh3;Ba6;gxf4;Rg4;Nd3;Rg1;e4;Bxc4;Ke3;Bxa2;Nc3;Rg5;Ne2;Bb3;Bf1;Bc4;Rg1;Rb7;Nc3;Bg7;Nb1;Qc8;Rxg5;Bh8;Rd5;Kd8;Kf3;Bxd5;Bg2;Bf6;Nc5;Qh3+;Bxh3;Bc4;Ke3;Bb5;Na6;Nf7;f3;Bc4;d5;Ke8;Nxb8;Nh6;b4;Ng4+;Kd2;Rd7;Na6;Kd8;Nc7;Bd3;Qxc6;Nf2;Nb5;Rb7;Nc7;Ba6;Qc3;Rb8;Na8;Bf1;a4;h6;Bb2;h5;Qc1;Bh8;Bf5;Nd1;Qc5;Be5;Be6;Be2;Bc1;Bf6;h3;Bg5;Qc3;Bxf4+;Kxe2;Be5;Qd4;Bf6;Bg8;Nb2;Bf7;Rb7;Qxb2;Bh8;Nc7;h4;Kd2;Bc3+;Kc2;e6;Na8;Rc7;Nxb6;Be5+;Kd1;Bh2;bxa5;Rc5;Qb3;Rxc1+;Kxc1;Bg1;Na8;Be3+;Nd2;Kd7;Bg8;Bf2;Qb1;Kd8;Nf1;Kc8;Nb6+;Kb8;Qd3;Bd4;Qc2;e5;Qh2;Be3+;Kb2;Bh6;Bf7;Bg5;Be8;Bh6;Bf7;Be3;Qf4;Bc1+;Ka1;Ba3;Qf6;Bc1;Qxe5;dxe5;Bg6;Bf4;Nd2;Be3;Ndc4;Bd2;Na8;Kc8;Kb2;Be3;Bh7;Ba7;Ncb6+;Bxb6;Kc1;Bd8;f4;Be7;Kc2;Bd8;Bg8;Bxa5;d6;Kd8;Bb3;Ke8;Kd3;Kd7;Bf7;Kc8;d7+;Kb7;Bb3;Bc7;Kc4;Bb6;d8=Q;Bd4;Kd5;Ka7;Ke6;Bb6;Kd6;Kb7;Ke7;Bc7;Kf7;Bb6;Qd4;Ba7;Bc4;Kc6;Kf6;Bxd4;f5;Ba7;Ke7;Bf2;Ke6;Bb6;Ke7;Bd4;Bg8;Bc5+;Kd8;Be3;Ba2;Bf4;f6;Bg3;Bb1;Kc5;Ke7;Bf2;Kd7;Kc4;a5;Kc5;f7;Kb5;Bd3+;Kb4;Ke7;Kxa5;Kd7;Bd4;Bb1;Bf2;Ke8;Bg1;Kd7;Be3;Nc7;Kb6;Kd8;Bg5+;Kc8;Bc1;Bc2;Be3;f8=B;Kc6;Kb8;Bh6;Bb4;Bf8;Bd1;Kb6;Be2;Bd6;Bxd6;Ka5;Bf8;Ka4;Bf3;Kb3;Bd6;Kc4;Bxe5;Kb4;Bh2;Kc5;Bg1+;Kc6;Bh2;Kb6;Bg2;Kc6;Bg3;Kb6;Bf2+;Kc6;Kc8;Kd6;Na6;Ke5;Kb8;Ke6;Kb7;Kd7;Nc7;Kd6;Bf3;Kd7;Kb8;Ke7;Na6;Kd8;Bd1;Ke7;Bh5;Kd8;Be1;Ke7;Be2;Kd6;Bd1;Kd7;Be2;Ke7;Nc7;Kd7;Bg3;Kd8;Bd3;Ke7;Ka8;Kd7;Ne6;Ke8;Bb8;Ke7;Ka7;Kf6;e5+;Ke7;Nf8;Kf7;Ne6;Ke7;Bc7;Kxe6;Kb6;Ke7;Ka7;Ke6;Kb6;Kf7;Bc2;Ke7;Kb5;Kf7;Kb4;Ke7;Bb1;Ke8;Ba2;Kf8;Bd6+;Kg7;Kc5;Kh8;Kc6;Kh7;Kc7;Kh6;Bb1;Kg7;Kc6;Kg8;Bf8;Kxf8;Kd6;Kg8;Ba2+;Kg7;Bd5;Kh8;Bc4;Kh7;Ke6;Kg7;Bb5;Kf8;Ba6;Ke8;Be2;Kd8;Bf3;Ke8;Be4;Kf8;Bh1;Ke8;Ba8;Kd8;Bg2;Ke8;Bb7;Kf8;Bc8;Ke8;Kd6;Kf8;Kc5;Ke8;Kd5;Kf7;Bd7;Kg7;Ke4;Kg6;Be6;Kg7;Kd3;Kg6;Bc4;Kg7;Ke2;Kf8;Ba2;Ke7;Ke1;Kd8;Kf1;Kd7;Bb1;Kd8;Bg6;Kc7;Bb1;Kd7;Ke2;Ke7;Bc2;Kd8;Bh7;Ke8;Bg8;Kd7;Bb3;Ke8;Bd1;Ke7;Bc2;Kf8;Bd3;Kg8;e6;Kf8;Bc2;Ke7;Bg6;Kd8;Be4;Ke8;Bb1;Kf8;Bc2;Kg8;Bd3;Kh8;Kd1;Kg8;e7;Kf7;Bb5;Kg7;Kc1;Kh8;Bd7;Kg8;Kd1;Kh7;e8=Q;Kg7;Qg8+;Kf6;Ke2;Ke7;Be8;Kf6;Kf1;Ke5;Qh8+;Kf5;Qg7;Kf4;Ba4;Kf5;Qf7+;Ke4;Qa2;Ke5;Bb5;Kf5;Ba4;Kf6;Qg8;Kf5;Be8;Kf4;Bh5;Ke4;Be2;Kf5;Qg5+;Ke6;Bd1;Kd7;Bc2;Ke8;Qh5+;Ke7;Bd1;Ke6;Ba4;Kd6;Qe2;Kc5;Qa2;Kd6;Qa3+;Ke5;Qg3+;hxg3;Bd7;Kf4;Ke1;g2;Kf2;Kg5;h4+;Kh5;Ke3;g1=Q+;Kf4;Qf2+;Ke5;Qf6+;Kd5;Qg7;Kc4;Qc3+;Kxc3;Kxh4
2025-07-21T20:53:22.701304,KI_vs_KI,1/2-1/2,Na3;c6;b3;Qb6;b4;d5;c4;h5;Nb5;Be6;Bb2;f6;e3;a6;Na7;Qd8;Rc1;Qb6;h3;Qxa7;h4;b5;Be2;Nh6;Kf1;Bc8;g3;Qd4;a4;Bd7;Ba3;Qxh4;g4;e5;c5;Rh7;Qe1;g6;gxh5;Bg4;hxg6;Be7;Bxg4;Bd8;Bd7+;Kxd7;Nf3;Be7;d4;Qg4;Nh2;Bxc5;Bb2;Bb6;Ba1;Qg3;Bc3;Ng4;fxg3;Rh4;Bd2;Ra7;Rxc6;Rh3;Qf2;Bc7;Rxa6;Rxa6;dxe5;Nxe5;Be1;Rc6;g7;Ke6;g8=R;Na6;Qxf6+;Kd7;Qg6;Nc5;Nf3;Nxa4;Qd6+;Bxd6;Nd4;Rc1;Rh2;Nb2;Ra8;Rh8;Rc2;Nd1;Rf8;Nf2;Rb8;Ned3;Rc3;Ng4;Rf8;Rh7;Rh8;Nf6;Rf8;Nf2;Ne6;Nd3;Rb3;Be7;Rh8;Rc3;Nf4;Rc2;e4;Ne5;Rd8+;Kc7;exd5;Bxd8;Ra3;Ng6;g4;Nh5;Ne6+;Kd7;Nc7;Rf7+;Kg1;Nh8;Ra7;Rc3;Nxb5+;Ke8;Bf2;Rc4;Ra3;Rcc7;Ra6;Be7;Nxc7+;Kf8;Bg3;Bf6;Rd6;Nf4;Ne8;Bh4;Bh2;Be1;Bg3;Kxe8;Bxf4;Kf8;Re6;Kg8;Re3;Bd2;Rd3;Kf8;Rh3;Bc1;b5;Bxf4;Kh1;Rd7;Rd3;Bd2;Re3;Rg7;Kh2;Ra7;Rf3+;Rf7;Kg3;Kg8;Rf5;Rb7;g5;Rb8;Kf3;Ng6;Kg4;Rb6;Re5;Rd6;Kg3;Rf6;Re6;Bb4;Re2;Kh7;Rd2;Rd6;Rb2;Kh8;Re2;Nf8;Rb2;Nd7;b6;Rxb6;Kh4;Rb8;Rd2;Nc5;d6;Re8;Rd3;Na4;Rd5;Re2;Rb5;Re8;Kg4;Ba3;Kg3;Bb4;Rc5;Ba5;Kg2;Bc7;Kf3;Re7;Kg4;Rf7;Rf5;Rg7;Kh4;Rxg5;Rf6;Kg8;Rf3;Ba5;Rd3;Bb6;Ra3;Bd4;Ra2;Bc3;d7;Nc5;d8=B;Kf7;Rb2;Kg7;Rb7+;Kh8;Re7;Be1+;Rxe1;Rg3;Kh5;Rg4;Rc1;Ne4;Kh6;Nd2;Rc4;Rg8;Bh4;Rg6+;Kxg6;Nb3;Be7;Nc1;Kh6;Kg8;Bb4;Na2;Be7;Kf7;Bb4;Kf6;Bd6;Kf5;Bb4;Nc3;Kg7;Ne2;Ba5;Nd4;Rc3;Kg4;Rc8;Nc2;Kg6;Kh4;Rc3;Ne1;Rc6;Ng2;Kf5;Ne1;Bb6;Nd3;Kg6;Nf4+;Kg7;Nd3;Rh6+;Kg5;Bd4;Nb2;Rh4;Nd1;Ba7;Nc3;Rh2;Nd5;Re2;Nc3;Rf2;Kh4;Kg8;Kh3;Rg2;Nd1;Bd4;Ne3;Ba7;Nf1;Bf2;Ne3;Bxe3;Kh4;Rg7;Kh5;Rg1;Kh4;Rb1;Kg4;Bg1;Kh3;Rb6;Kh4;Kf8;Kh5;Bh2;Kg5;Rd6;Kg4;Rf6;Kh3;Rf1;Kg2;Bg1;Kg3;Bd4;Kh4;Bb6;Kh5;Ra1;Kh6;Bc5;Kg5;Rf1;Kg4;Bd4;Kg3;Bb2;Kg2;Rf7;Kh1;Bc3;Kg1;Ba1;Kh2;Ra7;Kg2;Bh8;Kf2;Be5;Ke3;Kg8;Ke2;Rc7;Kd3;Rc6;Kd2;Bg3;Kd1;Rc5;Kd2;Kh8;Kd1;Rd5+;Ke2;Bc7;Ke1;Bb6;Kf1;Rd8;Ke1;Ra8;Kd1;Bd4;Kc1;Be5;Kb1;Rf8;Kc1;Kh7;Kb1;Kh6;Ka2;Re8;Kb1;Bd4;Kc2;Re7;Kd2;Be5;Ke3;Bh8+;Kd2;Rf7;Ke1;Bd4;Kd1;Bg1;Ke2;Kh5;Kd3;Kg5;Ke4;Bd4;Kd3;Bh8;Kd2;Kg6;Ke1;Bc3+;Kd1;Kg7;Kc1;Kf6;Kd1;Bd4;Kd2;Be3+;Kd1;Ba7;Kc2;Bf2;Kc3;Rg7;Kd3;Bc5;Kc3;Rg3+;Kc4;Be3;Kc3;Rg2;Kc4;Re2;Kb5;Rc2;Ka5;Bg1;Ka4;Ke6;Kb4;Bh2;Ka5;Rc7;Kb4;Rf7;Ka3;Kd5;Kb2;Kd4;Ka2;Bg1
2025-07-21T20:53:22.712720,KI_vs_KI,0-1,h3;h6;d4;e6;Bf4;Ba3;b3;d6;Bc1;b6;Be3;g6;Bg5;Qf6;Qc1;Bb7;f4;Bb4+;Kf2;Qg7;a4;Bd5;Na3;Kf8;e4;b5;Nc4;bxa4;Qb2;Ne7;bxa4;Qxd4+;Kf3;Qg7;Rb1;Bxc4;g4;Rg8;h4;h5;c3;Nc8;Bd3;Qf6;Rh2;hxg4+;Kg3;Ba6;a5;Nc6;Qf2;Bxc3;Qc2;Bb5;Re1;d5;Rh3;Qd4;Ra1;Nd8;Bf1;Bc4;Ra4;Be1+;Kh2;Bg3+;Kg2;f6;Qb1;fxg5;Rh2;Bf2;Ra3;e5;a6;Qc5;fxg5;Bxg1;Bxc4;Qb5;Qd3;c5;Kxg1;Qb2;Rc2;dxe4;Qh3;Qxc2;Bb5;Ne7;Qe3;Qf2+;Kh1;Nf5;Qb3;Ne3;Qe6;Qe1+;Kh2;Qxh4+;Kg1;Nf5;Be8;g3;Rxg3;Rh8;Kg2;Qf4;Rb3;Ne7;Rb4;Qd2+;Kg1;Qe2;Rb6;c4;Qxc4;Qxc4;Rb2;Qc8;Rg2;Nf7;Re2;Rh4;Bc6;Rg4+;Kh1;Nf5;Rxe4;Qxc6;Kh2;Rg3;Rc4;Nxg5;Rg4;Rc8;Rb4;Rd8;Rb8;Qc5;Rb3;Qe7;Rb7;Re3;Kg2;Qc5;Rf7+;Ke8;Kh1;Re2;Rxa7;Rd7;Rc7;Ng3#
2025-07-21T20:53:22.749620,KI_vs_KI,1/2-1/2,c4;c6;g4;h6;d4;e5;e3;Ke7;Bh3;Kd6;Qa4;Nf6;Qa3+;Ke6;d5+;Nxd5;Kd1;g6;Qa4;f5;Qxa7;Ke7;e4;Nb6;Ke1;Kf7;g5;Bg7;Nf3;Qg8;gxh6;Qe8;Nfd2;Na4;a3;d6;Nf1;g5;Bd2;Bxh6;f3;Qf8;Kd1;Nc5;Bb4;Kg6;Ne3;Be6;Qxa8;Bf7;Nc3;b5;Bxc5;d5;Ke1;Nd7;Ba7;bxc4;Qb7;Kf6;Bg2;Qd6;Nb5;Rb8;b4;Qf8;Kd2;Nc5;Qd7;d4;Nc3;Re8;Rhb1;f4;Nf1;Na4;Na2;Ra8;Bc5;Rb8;Qe7+;Qxe7;Ne3;Qa7;Bb6;Bf8;Nxc4;Nxb6;Kd3;Be6;Rg1;Nd5;Rab1;Ne7;Rbc1;Nd5;b5;Bf5;a4;Bg7;Kd2;Ra8;Rgd1;Bh8;bxc6;Nb4;Nb2;Bc8;Rb1;Bg7;Rg1;Qa5;h3;Be6;Ra1;Qb6;Kd1;Rb8;Ke1;Rb7;c7;Nd5;exd5;Qd6;Nd3;g4;Nxf4;Rb2;Rc1;Rf2;Nh5+;Kg5;c8=N;d3;Kxf2;Qf8;Rce1;Qe7;Na7;Qd6;Ke3;g3;h4+;Kf5;Nc1;Qe7;Kxd3;Bf7;Nc6;Qc7;Na2;e4+;Rxe4;Bg8;Re7;Qe5;Nxg7+;Kf6;Bh1;Qb8;Re4;Qe5;f4;Qh5;Ne8+;Kf7;Nab4;Qd1+;Kc3;Qf3+;Nd3;Kf8;Rge1;Bf7;Nb4;Kg8;Bg2;Qh5;Na6;Bxe8;R1e2;Qf5;Nac5;Qf8;Kc4;Qf5;Ne5;Qc8;Ng6;Kf7;Rc2;Qc6;Re3;Qxg6;Re5;Qh6;Bh3;Kg6;Rg2;Kg7;Be6;Kf8;Rf2;Qxh4;Bd7;Qh5;Rf1;Kg8;Bg4;Qg6;Ree1;Qh7;Re2;Qh1;Ra1;Qc1+;Kd3;Bh5;Kd4;Qc3+;Ke4;Qc4+;Kf3;Qb3+;Re3;Qxa4;Rae1;Qb3;Rxb3;Bg6;Re5;Bh5;Ke3;Be8;Be2;Kh7;Rb4;Bh5;Rf5;g2;Rb7+;Kg6;Re5;Kf6;Rb2;g1=R;Rd2;Bxe2;Rc2;Rg8;Rc4;Rg1;Nd7+;Kg7;Rg5+;Kh6;Ne5;Kh7;Nc6;Bxc4;Rg8;Rc1;Kf3;Bxd5+;Ke3;Bxg8;Kd4;Rh1;Na5;Kg7;Kc3;Bh7;Nc4;Ra1;Kb3;Ra5;Nb2;Rd5;Ka4;Bg6;Ka3;Rh5;Kb3;Kf7;Ka2;Ke7;Ka1;Rg5;Ka2;Be8;Nc4;Rd5;Ka3;Rd1;f5;Rd4;Ne5;Rd1;Kb3;Bb5;Kb4;Ra1;Kxb5;Re1;f6+;Ke8;Kc5;Ra1;Nd3;Rf1;f7+;Kd7;f8=R;Rh1;Rf6;Rh6;Nc1;Rh3;Rd6+;Kc7;Nd3;Re3;Ne1;Kb7;Rd8;Rc3+;Kd6;Rc8;Nf3;Rc5;Nd2;Rd5+;Ke7;Rd6;Rb8+;Ka6;Rf8;Rxd2;Rh8;Rf2;Kd6;Rf6+;Ke5;Re6+;Kd5;Re7;Kc5;Re8;Rh7;Ra8;Rh6+;Ka7;Rh7+;Kb8;Rg7;Ra4;Rg8+;Kb7;Rh8;Ra8;Rc8;Ra3;Re8;Ra2;Kd5;Ra5+;Kd6;Ra3;Re2;Rc3;Re1;Rf3;Kc5;Rf8;Re6;Rf2;Rh6;Rg2;Kb4;Re2;Kc3;Rc2+;Kd4;Rf2;Rg6;Rf7;Rh6;Kc7;Kc4;Re7;Rg6;Re3;Re6;Ra3;Re4;Kd6;Kb5;Ra8;Rf4;Re8;Rf3;Re7;Rd3+;Ke5;Rd7;Ke6;Ka5;Rf7;Kb4;Rf5;Rd5;Kf6;Rd8;Rc5;Ka3;Rh5;Rd5;Rh1;Rh5;Rh2;Rf5+;Ke7;Ra5;Rh6;Re5+;Kd6;Re2;Rh2;Re6+;Kd7;Re8;Rh5;Kb3;Rg5;Re3;Rg6;Re2;Rf6;Re8;Re6;Kb2;Rf6;Ka2;Rc6;Kb2;Rd6;Re5;Kd8;Rc5;Rd3;Rc4;Rd6;Ka1;Ke7;Rc3;Kf8;Rc7;Rh6;Kb1;Rh1+;Kb2;Rh2+;Rc2;Ke7;Rd2;Ke8;Kc1;Rh3;Kd1;Rf3;Rg2;Kf7;Rg1;Rb3;Rg4;Rh3;Kd2;Ra3;Rg8;Rf3;Rg4;Rf1;Ke2;Rf3;Ra4;Rf6;Rb4;Ke8
2025-07-21T21:05:09.277911,KI_vs_KI,1/2-1/2,f4;d6;Na3;f6;b3;f5;d4;Kf7;g3;Ke6;h3;g6;Be3;Bg7;Bg2;Kf7;Qc1;c5;Nf3;Nh6;Kd1;e5;dxc5;Ke6;Bf2;Qc7;Rh2;Bf8;h4;Qd8;Ng1;Qa5;Qb1;Qc3;Be1;g5;Bf3;Nd7;Bd5+;Kf6;g4;Kg6;Bd2;a5;c6;bxc6;e3;Kg7;Ke2;exf4;Qf1;Ba6+;Kf2;Rb8;Re1;Rc8;Qxa6;Ra8;Qc8;Qd4;Nb1;Qb6;Qxc6;Qc7;c4;Rb8;Bc1;Nxg4+;Kf3;fxe3;Rf1;Kh6;Bxe3;Be7;Be4;Nxh2+;Kg3;Kh5;Bxf5;Rbf8;Bc2;Nb8;Qxc7;Rhg8;Bb6;Rf6;Bxa5;Rxf1;Kg2;Rf2+;Kxf2;Bf6;Qxd6;Be5;Qb4;Bf6;Bd8;Na6;Qc3;Nf3;Bc7;Be7;c5;Re8;Bb6;Ne5;Bd1+;Kxh4;Qb4+;Ng4+;Kg2;Rf8;Nf3+;Kh5;Kg1;h6;Qb5;Bd8;Qf1;Rf4;Nh4;Rxf1+;Kxf1;Kxh4;Bxd8;Nxc5;Ba5;Nb7;Ke1;Kh3;Bxg4+;Kxg4;Bd8;Na5;Bb6;h5;Ke2;h4;Kf1;h3;b4;h2;Ba7;Kh4;Ke1;Kg3;Bc5;Kh3;Bg1;hxg1=N;Na3;Kh4;Nb1;Kg3;Nd2;Kg4;Ne4;Nc4;Nd2;Nb2;b5;Kg3;Kf1;Nd3;Nf3;Ne1;a4;Kxf3;b6;Nc2;a5;Nd4;Kxg1;Kg3;Kf1;Nf3;b7;Kh2;b8=Q+;Kh3;Qd6;Kh4;Qb6;Ng1;Qb3;Ne2;Kxe2;Kg4;Qc2;Kh3;Qe4;Kg3;Qb4;Kh3;Qg4+;Kxg4;Ke1;Kf5;Kf1;g4;Kf2;Kf6;Kg3;Kg5;a6;Kh5;Kf2;Kh6;Ke3;g3;Kd3;g2;Kc2;g1=N;a7;Kh5;Kd3;Kg5;Kc2;Kg4;a8=B;Kh4;Kb2;Ne2;Bf3;Nc1;Bd5;Kh3;Kc3;Na2+;Kc2;Nc3;Ba2;Nd5;Kb2;Nf6;Kc2;Kg2;Bb1;Kf3;Kb2;Ne4;Ka3;Ke2;Bxe4
2025-07-21T21:05:28.935827,KI_vs_KI,1/2-1/2,g3;b5;d4;b4;b3;f5;Bg5;Kf7;e3;h6;Na3;a6;h4;c6;Bh3;Kg6;Qh5+;Kxh5;Bxh6;Rh7;Ke2;g5;Ke1;Kxh6;Ne2;Rg7;Bg4;e5;h5;Bd6;Nb5;Qf8;Kd1;Re7;a3;f4;Kd2;Bc5;Be6;Kh7;g4;Bxd4;Rhc1;e4;axb4;Qg7;Rd1;Qf7;Rac1;Qf8;exd4;Qe8;Na3;dxe6;Ng3;e3+;Ke1;Rg7;Nh1;Rg6;Ke2;Bb7;f3;Rh6;Ra1;Qf7;Nb5;Ra7;Ng3;Qd7;c4;Ra8;Ra3;Qc7;Rb1;Kg7;Raa1;fxg3;d5;Qd8;Ra4;exd5;Rg1;axb5;Rxa8;Ba6;Rf1;Rd6;c5;d4;Rg1;Ne7;Rf1;Ng8;cxd6;Nh6;Rxa6;Ng8;Raa1;Qe7;Rfb1;d3+;Kf1;Nf6;Kg2;Nh7;dxe7;d2;Ra6;Nf6;Rb2;Kf7;Kh1;e2;Ra1;Kxe7;Rc2;Nfd7;Rg1;d1=R;Rxd1;Nc5;Rg1;Ne4;h6;Kf6;Kg2;Na6;h7;Nc7;Rb2;Kg7;Rc2;Nd2;Kh3;Kf6;Rcc1;Nxb3;h8=R;Nd2;Rh1;Ke6;Rxc6+;Ke7;Rf6;Nc4;Re8+;Kxf6;Rc1;Na6;Rd8;e1=N;Rh8;Nc2;Re8;Kg7;Rce1;Nxe1;Re4;Nd2;Rd4;Ndxf3;Rd5;Nc2;Rd4;Nfxd4;Kxg3;Kf6;Kh3;Ne1;Kh2;Nd3;Kg2;Nac5;bxc5;Nb2;Kh2;Ke5;c6;Na4;c7;Ke4;Kg3;Nf5+;Kf2;Nb2;c8=R;Ng7;Re8+;Ne6;Kf1;Nd3;Rg8;Nc7;Rg7;Ne6;Rb7;b4;Kg1;Kd4;Kg2;Nf2;Rb6;Nxg4;Rxb4+;Kc5;Rb3;Ng7;Rb6;Ne5;Rb2;Ng4;Ra2;Kd5;Ra1;Nh2;Rb1;Nf1;Kh3;Ke6;Rb4;Nh2;Rh4;Kd5;Rb4;g4+;Kg2;Nh5;Kf2;Kd6;Rb1;Ng3;Rh1;Nh5;Rb1;Kd7;Rc1;Nf4;Rc3;Ke6;Rc8;Nf3;Rc3;Nh4;Ke1;Kf5;Kd2;Ke5;Kd1;Nd5;Kc1;Kd4;Kd1;Nf6;Ke2;Nd7;Kd1;Nb8;Kc1;Kxc3;Kb1;Kb4;Kb2;Kc4;Kc2;Ng2;Kb2;Nf4;Ka3;g3;Ka4;Kc3;Ka3;Na6;Ka4;Nb8;Kb5;Nc6;Kc5;Nh5;Kd6;g2;Ke6;g1=Q;Kf5;Qg4+;Kxg4;Ng3;Kf4;Nd4;Ke5;Ngf5;Ke4;Ne2;Kd5;Nd6;Ke5;Nf4;Kf6;Nb5;Kg7;Kb4;Kh8;Na7;Kh7;Nb5;Kh6;Nh5;Kh7;Nf4;Kg8;Nh3;Kh8;Kc5;Kh7;Kd5;Kg7;Ng1;Kh8;Nf3;Kg7;Kc4;Kg8;Kc3;Kf7;Kc2;Kf8;Kb2;Ke8;Ng5;Kd8;Kb1;Ke8;Kc2;Kd7;Kb2;Ke7;Ka3;Kf8;Ne4;Kg8;Nbc3;Kh7;Ne2;Kg6;Kb3;Kh6;Ka2;Kg6;Kb2;Kg7;Nd2;Kf8;Nb3;Kg8;Na5;Kh8;Nc6;Kg7;Kb3;Kg6;Kc4;Kg7;Kd4;Kf7;Ng3;Kf8;Nh5;Kg8;Kd5;Kf7;Nd4;Kg8;Kd6;Kh7;Ke7;Kh8;Ne2;Kg8;Nf6+;Kh8;Nc1;Kg7;Ne4;Kh7;Kd6;Kg6;Kc6;Kf7;Nf6;Ke7;Kb6;Ke6;Ka6;Kxf6
2025-07-21T21:06:00.264673,KI_vs_KI,1/2-1/2,b3;f5;a4;Na6;Ra2;f4;Nf3;Nh6;Nc3;Ng8;d4;Nb8;Rg1;Kf7;g3;c5;Bh3;Ke8;Bf1;fxg3;Ng5;gxf2+;Kxf2;Qb6;Ra1;h6;Nh7;Qa5;Rb1;d5;e4;Qb5;Qe2;Bg4;dxc5;d4;b4;Qxe2+;Nxe2;Kd7;Be3;Ke8;c4;a5;Ng3;e5;Bg2;Bf3;bxa5;Rxh7;c6;Nd7;Rbd1;Nc5;Rb1;Nd3+;Kxf3;b6;Rge1;Nxe1+;Kg4;b5;Kh4;Nf3+;Bxf3;d3;Nh1;g5+;Kh3;Ra6;Bxg5;Rb6;cxb5;Ra6;Nf2;Ba3;Ng4;Rxc6;Rc1;Rc8;Bd1;Ra7;Be3;Rc5;Kg3;Bb2;h4;d2;Kh3;Re7;Nf2;Nf6;Kg2;Ba3;Kh2;Rcc7;Nd3;Rcd7;Nxe5;Re6;Bb6;Be7;Nc6;Rdd6;Bh5+;Nxh5;Kh3;Kf7;Rc4;Ke8;Bg1;d1=N;Rd4;Bg5;hxg5;Rd8;Kh2;Nf2;Bxf2;Nf4;Kg1;Rxd4;g6;Nh3+;Kg2;Rf6;Bxd4;Kf8;Nd8;Rxg6+;Kxh3;Rf6;Bb6;Kg7;Kg3;Re6;Kf3;h5;Kg3;Kg6;Ba7;Kh7;Be3;Re7;Kh4;Rxe4+;Bf4;Rd4;a6;Rd3;Kg5;Rd7;Nf7;Rd3;Kf6;Rg3;Ne5;Rf3;Nc4;Rf1;b6;Kg8;Ke7;Rd1;Bd6;Ra1;Bb8;Ra3;a5;Kh8;b7;Ra2;Kd7;h4;Nd2;Ra1;Ke6;Kg7;Kf5;Rg1;Ne4;Kf8;Bh2;Ke8;Nf2;Kd7;Be5;Kd8;Ne4;Rg3;Nd2;Ra3;Bf4;Rc3;Kg5;Rb3;Bh2;Rg3+;Kf6;Rc3;Bg3;Rf3+;Ke5;Rb3;Nf3;Rd3;Kf6;Rd6+;Kf5;Rb6;Kg5;Rf6;Bf4;Rf8;b8=R+;Ke7;Bg3;Rd8;a7;Re8;a6;Kf7;Ne1;Kg7;Kf5;h3;Bc7;Kg8;Rxe8+;Kh7;Kf4;h2;a8=B;h1=Q;Bb6;Qxa8;Rh8+;Kxh8;Kf5;Qb8;Bf2;Qg3;Bg1;Qa3;Bb6;Qc3;Ke6;Qe3+;Kf5;Qd4;Ke6;Qf4;Bf2;Qg4+;Ke5;Qe2+;Be3;Qh5+;Kf4;Kg7;Bc1;Qh3;Nc2;Qf5+;Kg3;Qxc2;Ba3;Kg6;a7;Qh2+;Kg4;Qb8;a8=Q;Kg7;Kh3;Qd8;Kh2;Qd5;Qc6;Qa2+;Qc2;Kf6;Kh1;Ke6;Bb4;Qb2;Bd2;Qe5;Bh6;Kf6;Qc7;Qg3;Qb6+;Ke7;Bg7;Qg6;Qc5+;Kd7;Qc8+;Ke7;Qc4;Kd7;Qc8+;Kd6;Qa8;Qd3;Qb7;Qd2;Qd5+;Ke7;Bf8+;Kxf8;Qc6;Qd4;Qf3+;Kg8;Qf6;Qd7;Qh6;Qd5+;Kh2;Qb3;Qh3;Qf7;Qd7;Qxd7;Kh1;Qb5;Kh2;Qb4;Kh1;Kh8;Kg1;Qd6;Kh1;Qb6;Kg2;Kh7;Kf1;Qe6;Kf2;Qa6;Ke1;Qa5+;Ke2;Qe5+;Kd2;Kh8;Kc2;Qh5;Kd3;Qh3+;Ke4;Qh4+;Ke3;Qh1;Kf4;Kg7;Kg5;Qd1;Kf5;Kh6;Ke5;Kg6;Ke6;Kg5;Kf7;Kh5;Kg7;Kg4;Kf8;Kg5;Ke7;Qf1;Kd7;Qf7+;Kd6;Qf3;Kd7;Kf5;Kc8;Qd1;Kc7;Qa4;Kd8;Ke4;Kc7;Ke5;Kb7;Kf4;Kc7;Qe8;Kb7;Ke4;Ka7;Kd4;Kb7;Qg6;Kb8;Qf5;Kc7;Qa5+;Kc6;Qa6+;Kc7;Ke5;Kd8;Kf4;Kc7;Qa1;Kb8;Qb1+;Ka7;Kf5;Ka6;Kg4;Ka7;Qg6;Kb7;Qd6;Ka7;Qd4+;Kb7;Qe5;Kb6;Qd6+;Kb5;Qh2;Kc5;Qh3;Kd6;Kg5;Kc7;Qd7+;Kxd7
2025-07-21T21:06:46.798563,KI_vs_KI,1/2-1/2,c3;Nf6;a3;b5;d4;b4;b3;Bb7;f3;Bxf3;Kd2;Qc8;Ke1;h5;a4;e6;e4;Rh6;Nd2;e5;dxe5;Na6;g4;c5;Qc2;Qb7;Qd1;Nh7;Qe2;Be7;Ba3;h4;Bh3;d5;e6;Qd7;Bb2;d4;exd7+;Kd8;Ndxf3;g6;Ng5;c4;Ra3;Bf6;e5;d3;a5;Be7;Ra4;bxc3;e6;f5;gxf5;gxf5;Qe5;c2;Bf1;Bd6;Qd4;Bc7;N5h3;c3;Ra2;f4;Qf6+;Rxf6;Kf2;Be5;Bxd3;Nb4;Bc4;Bd4+;Kf3;c1=N;Ra1;Rb8;Kg4;Rg6+;Kf5;Nd5;Ra4;Bh8;Bd3;Nf8;Ba6;Nf6;Ke5;c2;Rc4;Rg3;Rc8+;Rxc8;Bc4;Rg7;Be2;Ng4+;Kd5;Kc7;dxc8=N;Na2;e7;Rg5+;Kc4;Rxa5;e8=N+;Kb7;b4;Kc6;Nf3;Nh6;Rc1;Bxb2;Rb1;Bg7;Nhg5;c1=N;Ne4;Ra4;Nfg5;a6;Rb3;Ng4;N8f6;Nxb3;h3;Ra3;Ned6;f3;b5+;Kc7;Nfe8+;Kb8;Ne7;Nf2;Nd5;Be5;Nde4;Nxe4;Nb4;Ka8;Nd6;Bg3;Ngf7;Bf2;Nh8;Ng5;bxa6;Bg3;Nf5;Nd4;Nc6;Nxf5;Nf7;Ne3+;Kd4;Ng6;Bxf3;Nc2+;Kc5;Nh8;Kd5;Ne3+;Kd4;Ne4;a7;Nd1;Nxh8;Bd6;Ng6;Nef2;Bh5;Rg3;Bf3;Rg4+;Kd5;Rd4+;Nxd4;Ndc3+;Ke6+;Nd5;Kxd5;Bb4;Nf8;Nd3;Nfe6;Kb7;a8=B+;Kc8;Bd1;Nb2;Bh5;Nc4;Nc2;Bf8;Nb4;Ne5;Bc6;Nd7;Nc2;Bb4;Bg6;Bf8;Na3;Ne5;Bh7;Kb8;Bg8;Kc8;Ba4;Ng4;Nb1;Ba3;Bc2;Bd6;Bf7;Bh2;Bh5;Bg3;Bf7;Bd6;Bf5;Kd7;Nf8+;Kc7;Nc3;Bb4;hxg4;Bd6;Kd4;Nxc3;Bc2;Kb8;Ne6;Bh2;Ng5;Kc7;Bc4;Ne2+;Kc5;Nc1;Bb1;h3;Be6;Kd8;Bc2;Ke8;Bh7;Bg3;Bb1;Nb3+;Kd5;Na5;Nf3;Bb8;Ke4;Nb7;Kf5;Bg3;Bb3;Bc7;B3a2;Bb6;Be4;h2;Kf4;Kd8;Nd4;h1=B;Bc4;Kd7;Kf5;Kd6;Ne2;Bc5;Bxh1;Ba3;Bf7;Kc5;Bg6;Nd8;Ng3;Nf7;Bd5;Bc1;Bc4;Kc6;Bcxf7;Kd6;Kf6;Bh6;g5;Kd7;gxh6;Kc7;Bb3;Kc6;Nh5;Kd7;Bgf7;Kc7;Ba2;Kb6;Bg6;Kc6;Bb3;Kc7;Bd3;Kd6;Kg6;Ke5;Bf7;Kd6;Kg5;Kc7;Bb3;Kd6;Kg6;Kc5;Kg7;Kc6;Bbc2;Kc5;Bd1;Kb6;Kf7;Ka5;Kf6;Kb4;Kf7;Kc5;Bf3;Kd4;Bfe2;Kc3;Kg8;Kb4;Nf4;Kb3;Ng2;Kb2;Bg4;Kc3;Be6;Kxd3;Kf7;Ke4;Bc4;Kf3;Kf6;Kf2;Ba6;Kg3;Ke6;Kxg2;Kd6;Kf3;h7;Kf2;Bb7;Ke3;Ke7;Kd2;Bf3;Ke1;Bh5;Kf1;Be8;Kg1;Bb5;Kh1;h8=Q+;Kg1;Qh4;Kg2;Ba4;Kf1;Qe1+;Kg2;Qa1;Kh3;Ke8;Kh4;Kf8;Kh5;Bb3;Kh4;Qd1;Kg5;Qc1+;Kg6;Bg8;Kf5;Qc8+;Kg5;Kf7;Kh5;Ke6;Kh4;Kf5;Kh5;Qe8+;Kh6;Ba2;Kg7;Bd5;Kh7;Qd7+;Kh8;Qc6;Kg7;Be6;Kh8;Bb3;Kh7;Bc2;Kg8;Ke4;Kh7;Kd4+;Kg8;Be4;Kf8;Bd5;Ke7;Kc3;Kd8;Kc4;Ke7;Qe6+;Kd8;Qh3;Kc7;Qb3;Kc8;Kd3;Kd7;Qc3;Ke8;Ba8;Kd8;Kd4;Kd7;Bh1;Ke7;Qc5+;Ke8;Qg5;Kd7;Qd5+;Ke8;Qg5;Kf8;Kc5;Ke8;Qc1;Kf8;Qa3;Ke8;Bf3;Kf7;Qa7+;Ke6;Bd1;Kf6;Kb6;Ke5;Qa1+;Kf5;Qf6+;Ke4;Be2;Ke3;Qg6;Kd4;Qf5;Kc3;Bd3;Kb3;Bf1;Ka2;Qg5;Kb3;Qh5;Kc2;Qd1+;Kc3;Qd8;Kb4;Qf8+;Ka4;Bd3;Kb3;Kb7;Ka2;Qf7+;Ka1;Qf5;Ka2;Qb5;Ka1;Qc6;Kb2;Qe6;Ka1;Qc4;Kb2;Ka8;Ka3;Qc1+;Ka2;Qf1;Kb2;Qf4;Ka1;Qf3;Kb2;Qg4;Ka3;Bc4;Ka4;Kb7
2025-07-21T21:07:07.591654,KI_vs_KI,1/2-1/2,Na3;d6;Nb5;b6;Nxc7+;Qxc7;c4;Ba6;g3;Bb7;f3;Bxf3;Nh3;Bxh1;Nf2;d5;Ne4;Qc5;Qb3;Qd6;Qb4;Qc5;Bg2;Qd6;Qb5+;Kd8;Qb4;Kc8;Nc5;Qg6;Qc3;Qd3;Kf2;e6;e4;Qb1;cxd5;h6;Bf1;bxc5;Ba6+;Kd8;a4;c4;dxe6;Qc2;e5;Qd3;Ra3;Rh7;Bb5;Qf3+;Ke1;a6;Be8;Qf5;d3;Bxa3;Qd4+;Kc7;Qe4;Ne7;bxa3;g6;Qe3;Qh3;Bb2;Nd7;Qxh6;cxd3;Kd2;Kb8;Kxd3;Rg7;Kd2;Bd5;Bc1;Bh1;Qxh3;a5;Ke1;Bb7;Qh4;Ka7;Qh8;Rc8;Be3+;Nc5;h4;Bg2;Bf2;Rc6;Qh5;Nc8;Qh8;Rb6;g4;f6;Bxg6;Rb2;Qf8;Rxg6;Qxf6;Ne7;Qg7;Ka6;Qxg6;Nd5;Qf7;Be4;g5;Rd2;Qf4;Bh1;g6;Rd4;Bxd4;Nc3;Bxc5;Bb7;Qf1+;Ne2;Qg2;Nc1;Qg3;Nb3;Qf2;Nxc5;Qf6;Nxa4;g7;Bd5;Qf7;Nb6;e7;Bh1;Qg6;Bb7;e8=R;Bd5;Qe6;Bf3;Qe7;Bc6;Qe6;Nc4;Qd6;Kb6;Ra8;Kb7;Qd3;Kxa8;h5;Be8;Qd8+;Kb7;e6;Bb5;Kd1;Nb6;Kd2;Bd7;Qe7;Kc7;Qd8+;Kb7;Qe7;a4;Qg5;Be8;Qf5;Kc6;Qf8;Kb7;Qxe8;Na8;Qc6+;Ka7;Qxa4+;Kb7;Kc2;Kc7;Kd1;Nb6;Ke2;Kd6;Qg4;Na4;Qc4;Nb6;Qa4;Nd5;Qd1;Kc6;Qf1;Kd6;Qc1;Kxe6;g8=B+;Kf6;Qd2;Ke5;Qc3+;Kd6;Qc1;Ne3;Qc6+;Kxc6;Bb3;Kb6;Ke1;Nf5;Bd5;Ng7;Bc6;Ka5;Bf3;Nf5;Ba8;Ng7;Bc6;Kb6;Bd5;Kb5;a4+;Kb4;Ba2;Ne6;Bb1;Ng7;Kf2;Kc5;Kf3;Kd4;Kg4;Ne8;h6;Ng7;Kh3;Ne6;Kg3;Kd5;a5;Nc5;h7;Nd3;Kg2;Ne1+;Kh2;Kd6;h8=Q;Nd3;Qg7;Ke6;Qa7;Nf2;Qc7;Nd1;Qf4;Kd7;Qf8;Kc7;Qh6;Nb2;Qf8;Nd3;Kg3;Ne1;Qf6;Kd7;Be4;Ng2;Qd8+;Ke6;Qh4;Kd6;Bc2;Kd7;Qd8+;Kc6;Qd2;Kc5;Qd8;Nh4;Qg8;Kc6;Qe6+;Kb5;Kh3;Ng6;Qd6;Ne7;Qc6+;Nxc6;Bd3+;Kxa5;Bc4;Na7;Kg3;Ka4;Kg4;Nc8;Kh3;Ka3;Bd5;Nd6;Ba2;Nf7;Bd5;Ne5;Ba2;Nc6;Bg8;Nd8;Ba2;Kb2;Bb1;Ka1;Bg6;Nb7;Bf5;Nd8;Kh4;Ne6;Bd3;Nd8;Kg3;Nf7;Bf5;Ka2;Kg2;Ka3;Be4;Kb4;Bf3;Nh8;Bd5;Kb5;Kf2;Ng6;Be6;Kc6;Bc4;Kc7;Bb5;Nh4;Kg1;Nf3+;Kh1;Nh4;Bc4;Kb6;Bf1;Nf3;Kg2;Kc6;Kh1;Kd7;Bc4;Nd4;Ba6;Nc6;Bb5;Ke7;Be2;Ke6;Bg4+;Ke7;Bh3;Nb4;Bg2;Kd7;Ba8;Kc7;Be4;Na2;Bc6;Kxc6
2025-07-21T21:08:08.854993,KI_vs_KI,1/2-1/2,b4;e6;e4;c6;e5;Qh4;d3;Na6;Bh6;f6;a3;b5;d4;Nxh6;Nc3;Rg8;g4;c5;Bxb5;Qh5;Nf3;Qh3;Rf1;Bd6;Ba4;g6;g5;fxg5;Kd2;cxd4;Kc1;Nc5;Nd2;d3;Rh1;Qg4;f3;Qxb4;Nce4;Be7;h3;Qc3;Nxc3;Na6;Nd5;Bd6;Bb3;Nf7;exd6;Nh6;Nc3;Rg7;Ne2;Rg8;Ba2;Nf5;Rg1;Rg7;Rh1;Nc5;Qf1;Kf8;Rb1;Re7;Nf4;Na6;Nh5;Nc7;Ra1;Rg7;Rh2;Nd5;Re2;Nh6;Nf4;dxe2;Bb3;exf1=B;Ba2;Rf7;Nxg6+;Kg7;Nc4;Rf6;Nh4;Rf5;Kb1;gxh4;Bb3;Bg2;Nd2;Kh8;Nc4;Ne7;Ba2;a5;f4;Bcb7;Ne3;Bbf3;Ng4;Raf8;Nf2;Rh5;f5;Bb7;Bc4;Ra8;Ba2;Bbc6;Ne4;Kg7;Kb2;Nf7;Bd5;Bxe4;Bc4;Nxf5;Re1;Bb7;Rf1;Rf8;Ba6;Ne7;Rd1;Kh8;Ka1;Rg5;a4;Rg2;c3;Re8;Be2;Ng8;Kb2;Ne5;Rd3;Ng6;Ka3;Ne5;Rd2;Nd3;Bg4;Re2;Bh5;Bg2;Ra2;Bxh3;c4;Rc8;Rxe2;Rd8;Rf2;h6;Bg6;Bg4;Re2;Bd5;Bh7;Be4;Rd2;Bef5;Rg2;Bxh7;Rf2;Bd1;Rf5;Be2;Rf3;Ra8;Rf4;Kg7;Rg4+;Bxg4;Kb3;Rb8+;Kc3;Bd1;Kd4;Rb6;Ke3;Nc1;Kd4;h3;Ke5;Rb2;c5;Bb1;Kf4;Rg2;Ke5;Rd2;Kf4;Na2;Kg3;Nc1;Kf4;Rb2;Kg3;Bh7;Kxh3;Nd3;Kg3;Rg2+;Kh4;Bc2;Kh3;Rg5;c6;Nf4+;Kh2;Bhd3;Kh1;Bb1;c7;Kh8;c8=Q;Nd5;Qb7;Ba6;Qc7;Rg2;Qc6;Rb2;Qxd7;Rb6;Qxe6;Rb8;Qf5;Be2;Qf7;Be4+;Kg1;Rb1+;Kh2;Bg6;Qf5;Rf1;Qf2;Nf4;Qxf4;Kh7;Qe3;Rf7;Qf4;Bf3;Qe3;Rf6;Qa7+;Rf7;Qa6;Bg2;Qf1;Nf6;Qf2;Re7;Qf1;Ng4+;Kxg2;Re4;Kg1;Rxa4;Qh3;Kh8;Qh4;Bd3;Qg5;Rf4;Qh5;Bb1;Qc5;Re4;Qc1;Re5;Qa3;Rf5;Qb3;Ne5;Qa3;Rg5+;Kh2;Bf5;Qc1;Nf7;Qf1;Rh5+;Qh3;Be6;Kg2;Rb5;Kf1;Ne5;Ke2;Bg4+;Kf2;Nd3+;Qxd3;Kg8;Qe2;Bd7;Qd3;Kf7;Qe3;Rh5;Qe2;Bc6;Qf1;Rh2+;Ke3+;Ke6;Qf8;Kd5;Qf4;Re2+;Kd3;Rc2;Qg4;Rc1;Qg1;Rc4;Qh2;Bd7;Qa2;Ke6;Qh2;Ra4;Qxh6+;Kf7;Qd2;Kg7;Qf2;Kh8;Qd4+;Kh7;Qf2;Kg7;Qh2;Rd4+;Ke3;Ba4;Ke2;Rd2+;Kxd2;Bb5;Qe2;Kf6;Kd1;Ba6;Qe3;Bb5;Qd3;Bc6;Qb3;Bb5;Qg8;Bf1;Qg3;Ba6;Qe5+;Kxe5;Kc2;Kf6;Kb1;Kg6;Kc1;Kh7;Kb1;Kh8;Kc1;a4;Kb2;Be2;Ka1;Bd1;Kb1;Be2;Kb2;Bh5;Ka3;Be2;Kb2;Bh5;d7;Kh7;Ka3;Kg6;Kb2;Kf6;Kc2;Be2;Kc3;Ke7;d8=Q+;Kxd8;Kb4;Ba6;Kc5;Kc7;Kd4;Bc8;Kc4;Kd6;Kb5;Bb7;Kc4;a3;Kd3;Kc7;Ke2;Bd5;Kf2;Kb7;Ke2;Ka6;Ke3;Bf3;Kd4;Bg2;Kd3;Bh1;Ke3;Ka7;Kd2;Ba8;Kd3;Bf3;Kd4;Bd1;Kc4;Kb6;Kd5;Ba4;Ke6;Bd7+;Ke7;Kc7;Kf8;Bf5;Kf7;Be4;Ke7;Bh1;Kf8;Bf3;Ke8;Kc6;Kf7;Kb5;Ke6;Kb4;Kd7;Kc4;Kd8;Bg2;Kd7;Bc6+;Ke7;Kb5;Kf7;Kb6;Kg8;Kc7;Kg7;Kd7;Kg6;Ba8;Kf6;Ke8;Kg7;Bh1;Kg8;Bd5+;Kh8;Kf8;Kh7;Ke7;Kg6;Ke8;Kg7;Bb7;Kh8;Kd8;Kg7;Bf3;Kf8;Bd1;Kg8;Kc7;Kh7;Bf3;Kg6;Bd1;Kf6;Kb7;Kf5;a2;Kf4;a1=R;Ke4;Kb6;Ke3;Kb5;Kd4;Be2;Kc3;Bf3;Kb2;Ra2+;Kc1;Kb6;Kb1;Kc5;Kc1;Bc6;Kd1;Be8;Ke1;Kc6;Kd1;Rg2;Ke1;Rg5;Ke2;Rg3;Ke1;Kb7;Kf1;Ka7;Ke1;Rg7;Kf2;Bh5;Kf1;Kb6;Ke1;Bf3;Kf2;Ra7;Kxf3;Ra1;Kf2;Kc5;Kg3;Rb1;Kf3;Re1;Kf4;Re3;Kg5;Re1;Kf6;Re3;Kg6;Re4;Kg5;Kc6;Kh5;Rg4;Kh6;Rh4+;Kg5;Rh8;Kf6;Rh7;Ke5;Kc7;Kf4;Rd7;Kg3;Kb7;Kh2;Rd1;Kg3;Rd6;Kh3;Kc7;Kh2;Rd8;Kg1;Rd2;Kh1;Rf2;Kg1;Rf4;Kh2;Kb6;Kh3;Rc4;Kg3;Kc6;Kf2;Kd7;Ke1;Kc8;Kd2;Rh4;Kc3;Rd4;Kb2;Rd2+;Ka1;Rd4;Kb1;Ra4;Kc1;Kd8;Kd1;Rb4;Kd2;Ra4;Kd3;Rg4;Ke3;Rd4;Ke2;Rd7;Kf3;Rd2;Kg3;Kc7;Kf4;Kc8;Kg4;Re2;Kh4;Rb2;Kg3;Rf2;Kg4;Kb7;Kh5;Kc8;Kg4;Rf7;Kh3;Rf1;Kh4;Ra1;Kg5;Kd8;Kh5;Kc8;Kh6;Ra4;Kh5;Rg4;Kh6;Kd8;Kh7;Kd7;Kh6;Kc6;Kh5;Re4;Kg5;Re1;Kf6;Rg1;Kf5;Rg4;Ke6;Rg5;Kf6;Rg6+;Ke7;Rg8;Kf6;Kc7;Kf5;Re8;Kg4;Rb8;Kh3;Kc6;Kg3;Kb5;Kf2;Kb4;Ke1;Ka3;Ke2;Ka2;Kf1;Rb2;Kg1;Rd2;Kf1;Rd7;Kf2
2025-07-21T21:08:27.776978,KI_vs_KI,1/2-1/2,f4;b6;d4;d6;a3;b5;Nh3;Nf6;Nf2;Nbd7;c4;a5;Ra2;Nb6;Ra1;Kd7;Qc2;Nh5;a4;c5;Ne4;d5;axb5;Ke8;Ng5;e6;e4;Bd7;g3;Qe7;Ra3;h6;Nf3;dxe4;Ng5;Rg8;dxc5;Nxg3;Kd1;a4;Nxe6;Qd6+;Bd3;f5;Rxa4;exd3;Ra1;Nxh1;Nxg7+;Bxg7;h3;Rb8;Ra8;Qd5;Nd2;Rxa8;Nb1;Qe4;Qxd3;Qg2;Qxd7+;Kf8;Qd2;Nxc4;b6;Nf2+;Kc2;Nxd2;Bxd2;Ra5;b3;Kf7;c6;Qf3;h4;Qg2;c7;Rd5;Be3;Qh1;Nd2;Rxd2+;Bxd2;Qh3;c8=Q;Qg3;Bb4;Nd1;Qc4+;Kg6;Qc3;Qf2+;Kc1;h5;Qf6+;Kxf6;Ba3;Qe2;Kb1;Qe7;Kc2;Qa7;bxa7;Ke6;b4;Bh8;a8=Q;Rc8+;Kd2;Rxa8;Kd3;Ke7;Bb2;Re8;Bc3;Rc8;Kc2;Rd8;Bf6+;Kxf6;Kb1;Rd4;b5;Ke6;b6;Nc3+;Ka1;Nb5;Kb2;Rd3+;Kc2;Rh3;b7;Nc7;b8=N;Rh1;Na6;Kd7;Nc5+;Ke8;Na6;Rh3;Nb4;Ba1;Nd3;Rxd3;Kb1;Rd6;Ka2;Nb5;Kb3;Bh8;Ka4;Bc3;Kb3;Rd4;Kc2;Ba5;Kb1;Kf7;Kb2;Rd6;Ka2;Nc3+;Ka3;Nb1+;Kb3;Na3;Kxa3;Rh6;Kb3;Ra6;Ka3;Kf8;Kb2;Rh6;Kb1;Bd8;Ka1;Rc6;Kb1;Rg6;Kc1;Rg5;hxg5;h4;Kd1;Ba5;Kc2;Ke8;Kd3;Bb4;Ke3;Be7;Kf2;Ba3;Kf3;Kf8;Kf2;Kg8;Kg1;Be7;Kh1;Bb4;Kh2;Kh8;Kh1;Bf8;Kh2;Kg7;Kg1;Bb4;Kh2;Kh8;g6;Bd2;Kg2;Bc1;Kh1;Kg8;Kg2;Be3;Kh2;Bc1;Kh3;Bxf4;Kg2;Bc7;Kg1;Bb8;g7;Kf7;g8=Q+;Ke7;Kg2;Bc7;Kf3;Kd6;Kf2;Bb8;Qg1;Ba7+;Kg2;Ke5;Kh1;Bb8;Kg2;Kf4;Qb1;Ke3;Kg1;h3;Qb7;Ke2;Qxb8;h2+;Kg2;Kd3;Qe5;h1=Q+;Kg3;f4+;Kxf4;Qe4+;Kg3;Qh4+;Kg2;Qh6;Kf2;Qh5;Qf4;Qe8;Qh2;Qd8;Qh5;Qd5;Kf1;Qe5;Qh4;Qb8;Qg4;Qb1+;Qd1+;Ke3;Qc1+;Kd4;Ke1;Qb5;Qg5;Qe8+;Qe5+;Qxe5+;Kd2;Kc4;Kc1;Qh2;Kb1;Kb4;Kc1;Kc5;Kb1;Qg3;Kc1;Qg1+;Kd2;Kd6;Kd3;Qb6;Ke4;Kc6;Ke5;Kc7;Kf5;Kd6;Kg4;Ke7;Kg3;Qh6;Kf3;Kf8;Ke2;Qh8;Kf3;Qh7;Ke3;Qe7+;Kd2;Qe8;Kc3;Qd8;Kb4;Kg7;Kc4;Qc8+;Kb3;Kh7;Kb4;Qb8+;Kc5;Kg6;Kd4;Qd8+;Kc4;Qf6;Kb3;Qf7+;Kb2;Kg5;Kc3;Qe7;Kd4;Qc7;Kd3;Qg7;Ke2;Qh8;Kd1;Qc8;Ke1;Qg4;Kf2;Qd1;Kg2;Qc2+;Kh1;Qf2
2025-07-21T21:08:34.772207,KI_vs_KI,1-0,d4;f6;a3;b5;Kd2;b4;b3;f5;d5;Nf6;g3;Bb7;f3;Nc6;Bg2;Rb8;Ke3;Nd4;Bf1;Ba8;Bd2;Rg8;Nc3;bxa3;Na2;Rb4;Rc1;Rb5;Bb4;Rxb4;Qd3;Qc8;Bh3;Ra4;Kd2;Rc4;Bf1;h5;h4;c6;Qxc4;Qb7;Re1;Qc8;Kd3;e6;e4;Ne2;Bh3;Ke7;Kxe2;Qe8;Qc5+;d6;Qc3;Kd7;Qd4;e5;g4;f4;Kf2;c5;Qb2;Qc8;Rd1;Qc7;Nb4;cxb4;Kf1;g5;Bg2;Nxe4;Rd3;Ke7;Rd4;Bh6;c4;Bf8;Qa1;Qa5;fxe4;Qd8;gxh5;Rg6;hxg6;Bb7;Rd2;Ba6;Qb1;Bc8;Ke2;Bd7;Qc2;Bc8;Kf3;Qa5;Rh3;Bxh3;Bf1;Qxd5;Be2;Ke8;Rd4;Bh6;Qd1;g4+;Kf2;Qf7;Bf3;a6;Bg2;Bf8;Bxh3;Bg7;Rd5;Ke7;Rxe5+;Qe6;Qf3;Bh8;Ke1;Kf6;Qxf4+;Kg7;Kd2;Qc8;Rb5;Qc7;Qg5;Qb7;Kc2;g3;Ra5;Qc7;Kd2;a2;Qxg3;Kh6;Rb5;Qe7;Qxd6;a1=N;Qb8;Bd4;Qc8;axb5;Bf1;Bc3+;Kd3;Kh5;Qf8;Qe8;Qxe8;Kxh4;Qc6;bxc4+;Ke3;Nc2+;Kf3;Bg7;bxc4;Bc3;Kf4;b3;Qa6;Nb4;Kf3;Nc6;Qa4;Na7;Qa6;Ba1;Qa2;Bc3;Qg2;Bf6;Kf4;Bg5+;Qxg5#
2025-07-21T21:08:59.154738,KI_vs_KI,1/2-1/2,a3;b5;d4;b4;b3;f5;Bg5;Kf7;g3;Bb7;f3;Nc6;Bg2;Rb8;e4;g6;Ra2;Rc8;Qd3;Ra8;Ne2;f4;Kf2;d6;Qc3;bxc3;Bf1;h5;h4;Bg7;gxf4;Kf8;d5;Nf6;Bg2;Rb8;Ke3;Nd4;Bf1;Ba8;Nxd4;Rh6;Kf2;c5;Kg2;Nh7;Bd3;a6;Bf6;a5;Kh2;Rb6;Kh3;Qd7+;Nf5;Bxd5;Rc1;Rb5;Be2;Ke8;Rf1;e5;b4;Qd8;bxc5;Bc6;Rc1;Rb8;Nd2;Rb6;Nxd6+;Kf8;Kg2;Bd5;Nb7;Qe7;a4;Qd7;Kg3;Bxe4;Nd6;Qxd6;f5;Rb3;cxb3;gxf5;Rcc2;Qc7;fxe4;Qd8;Bxh5;Ng5;Be8;Qa8;Bd7;Qd8;exf5;e4;Nc4;Rh7;Rab2;Qc7+;Nd6;Kg8;Rc1;Nf3;Ra2;Nh2;Rg1;Qc6;Rf1;Rh5;Re2;Kh8;Bxg7+;Kg8;Rb2;Kh7;Rd1;Qc7;Kg2;Ng4;Rdb1;Rxh4;Rg1;Qd8;Ra2;Qe7;Rb2;Ne3+;Kg3;Qd8;Rd1;Qc7;Rbd2;Nd5;Rb1;Qc8;Rd4;Rh3+;Kf2;Qe8;Bf8;Qxd7;Nxe4;Rd3;Rh1+;Kg8;Ke2;Nf6;Rxd3;Qxd3+;Kf2;Nd7;Nd6;Qh3;Rb1;Kh8;Ke1;Nb6;Ne4;Qf1+;Kxf1;Nd5;f6;Kg8;Ng5;Nxf6;Ne6;Nh5;Ng7;Ng3+;Kg1;Nh1;c6;Nf2;Rb2;c2;Ba3;Kh7;Ne6;Kh6;Bc5;c1=N;Ng5;Nh1;Nh7;Nxb3;Rxb3;Kh5;Rd3;Kg6;Rc3;Nf2;Nf8+;Kg5;Rc2;Ne4;Rg2+;Kf4;Ng6+;Kf5;Kf1;Nf6;Nh8;Kf4;Ng6+;Ke4;Rg4+;Nxg4;c7;Kf3;c8=Q;Nh6;Kg1;Ke2;Qb8;Kf3;Ne7;Ke2;Nc8;Ke1;Bf8;Nf7;Na7;Nd6;Nc8;Nf5;Na7;Kd2;Qc8;Kd3;Qc1;Ng3;Qc3+;Kxc3;Nc8;Ne4;Na7;Nd2;Ba3;Kb3;Bb2;Nb1;Ba3;Kc2;Nb5;Nd2;Nd4+;Kd1;Bb4;Nc4;Nc6;Nb2;Na7;Nxa4;Bc5;Ke1;Ba3;Nc3;Nc6;Na2;Kh1;Ke2;Bd6;a4;Ba3;Ke1;Nb8;Ke2;Nc6;Nc3;Bf8;Ke3;Nd4;Ne2;Ne6;Nd4;Nc5;Ne6;Kg1;Nf4;Bd6;Nd3;Kf1;Nb2;Be5;Nc4;Ke1;Na5;Bb2;Kf4;Bg7;Kg3;Kf1;Kh3;Ke1;Nb3;Bh8;Kg3;Ke2;Na1;Bxa1;Kh4;Bf6+;Kg4;Be7;a3;Kd2;a2;Kc2;Kh5;Kd1;a1=Q+;Kc2;Qb2+;Kd1;Qf2;Nb3;Qf7;Bf6;Qg8;Ba1;Qa8;Nc1;Qa5;Bb2;Kg4;Bh8;Kf3;Bg7;Qb5;Nb3;Qb7;Kc2;Kg3;Bf6;Kf4;Bg5+;Ke5;Nc5;Qa6;Bh6;Qe2+;Kc3;Qf3+;Kd2;Qe2+;Kxe2;Kd4;Ne6+;Ke4;Kf1;Kd3;Nf8;Kc2;Bg7;Kd3;Nh7;Ke4;Bh8;Kd5;Kg1;Kc5;Bb2;Kb6;Bg7;Kb7;Kf2;Kc8;Kf1;Kb8;Bd4;Kb7;Ke2;Ka8;Bg7;Kb8;Bf8;Kc7;Be7;Kb7;Bf8;Kb8;Kf1;Ka8;Ba3;Kb8;Ke1;Kb7;Kd2;Kc7;Bb2;Kd8;Ke3;Ke7;Kd3;Kf7;Kd2;Kg6;Ba3;Kh6;Bd6;Kxh7
2025-07-21T21:09:18.271560,KI_vs_KI,1/2-1/2,Nh3;e5;g4;h6;b4;Qe7;Rg1;Qxb4;g5;Bc5;Ba3;b6;c3;Nf6;Bg2;Bf8;Qc2;Bd6;Qa4;Bc5;e4;O-O;f3;Nc6;gxh6;Bd4;Nf4;Ne7;Qa6;Qxb1+;Bc1;Qxa1;Qxb6;Bb7;Qc5;Nxe4;Ne6;Bxc5;Ng5;Nc8;Kf1;Kh8;Rh1;d6;Ke2;Ne7;Nxe4;d5;Nf6;Bb6;Ne4;Qb2;Kf1;g5;Bh3;Ng6;c4;Ne7;d3;Qb1;Bc8;c6;h3;f6;a3;Ba6;Bxa6;Rab8;Bb7;a6;f4;Be3;h4;c5;cxd5;Kh7;h5;Rg8;Nc3;exf4;Na2;Bf2;Rh4;Rg7;Nc3;Rxb7;Rxf4;Bg3;Ra4;Rb4;Ke2;Be5;Nxb1;Rf4;Nd2;Ba1;Ra5;Be5;Nb1;Rg8;Nc3;Rf5;Ke1;Rg7;Bb2;Bd4;hxg7;Bf2+;Ke2;Nc6;Bc1;Nb4;Kd2;Rxd5;Rb5;Bg3;Na2;Rd6;Kd1;c4;axb4;Rd8;Rxg5;Bc7;Ke2;Re8+;Kf3;Re5;g8=R;Re4;Rh8+;Kxh8;dxc4;Bf4;Kf2;f5;Kf1;Kh7;Rg6;Rd4;Rg2;Rd2;Rg6;Be5;h6;Rxa2;Re6;Rc2;Bd2;Kg8;Bg5;Kf7;Bd2;Rxd2;Kg1;Kf8;b5;Ra2;Rxe5;a5;Re3;Kf7;Rg3;Rg2+;Kxg2;Kf8;Rg8+;Kf7;Rc8;Kg6;Rc5;f4;Kf2;Kf6;Kg1;Kg6;Re5;Kf6;Rh5;Ke7;Rf5;Kd8;Rxf4;Kc7;Re4;Kd8;Kg2;Kc7;Re2;Kd6;Re7;Kc5;Rg7;Kd6;Rg3;Kc5;Rg8;Kd4;Kg1;Kd3;Rg2;Kc3;Kh2;Kd4;Rf2;Ke5;Rf3;Ke4;Rb3;Kf4;Ra3;Kf5;Rf3+;Kg6;Rd3;Kf7;b6;Ke8;Rd4;Kf8;Rd6;Ke8;Rd4;Ke7;c5;Kf7;Rd3;Ke7;Rd4;a4;Rd2;Ke6;Kg1;a3;b7;Kf6;Kh2;Kg5;Rf2;Kh4;Rf6;Kg5;Kg2;a2;Rf3;Kh5;Kf1;a1=N;b8=Q;Nc2;Qd8;Ne3+;Rxe3;Kg6;Re6+;Kf7;Kg2;Kxe6;Qf8;Ke5;Kh1;Kd5;Qe8;Kxc5;Qg6;Kd4;Qg4+;Ke5;Qd7;Kf4;Qe6;Kg5;Qb3;Kh5;Qc2;Kg5;Qe2;Kxh6;Qa2;Kg7;Qg8+;Kh6;Qb8;Kg7;Qd6;Kh8;Qd1;Kg7;Kh2;Kf6;Qd3;Kg5;Qe2;Kg6;Qh5+;Kf6;Qf3+;Kg6;Qg2+;Kh5;Qd2;Kh4;Qc2;Kh5;Kg3;Kg5;Kh3;Kf6;Kh2;Ke5;Qc6;Kd4;Qd6+;Kc3;Kg2;Kb3;Qd5+;Kc3;Qd6;Kb2;Kf1;Ka1;Qh2;Kb1;Qe2;Ka1;Qf3;Kb1;Qc3;Ka2;Qc2+;Ka1;Qd2;Kb1;Qe1+;Kb2;Kf2;Ka2;Qh1;Ka3;Qh7;Kb2;Qh4;Kc2;Qf4;Kd3;Qd6+;Ke4;Kg3;Ke3;Qd5;Ke2;Kh4;Kf1;Qa2;Ke1;Qd2+;Kf1;Qh2;Ke1;Qe2+;Kxe2
2025-07-21T21:18:17.819942,KI_vs_KI,1/2-1/2,a3;a6;Nf3;f6;c3;Ra7;Rg1;Kf7;a4;Kg6;Ne5+;fxe5;h3;Kf6;b3;d6;Na3;Ke6;Qc2;Kd7;Qd1;Ke8;d3;b6;h4;b5;Rh1;e6;Nxb5;axb5;Rg1;Qxh4;Rb1;Qb4;Rh1;g5;Rxh7;Bh6;Rd7;g4;d4;Qc4;e4;b4;Bf4;c5;Qxg4;d5;Be3;Nf6;Rd1;Bg5;Qxg5;Ra5;Qxf6;Qxc3+;Bd2;Rh1;Ra1;Rg1;Rb1;Nxd7;Bxc3;dxe4;Ra1;Ra8;Bb2;Nb8;Rb1;Rxg2;Ke2;exd4;Ke1;Ra5;Kd2;d3;Bc3;Rg7;Bh3;Nd7;Ba1;Re7;Kd1;Ra6;Kd2;Rxa4;f3;Ra5;Qb2;Ra3;Bg4;Ra4;Bh3;Ba6;f4;Rh7;Qe5;Ra2+;Ke3;Nb6;Qf6;Rxa1;Rh1;Rh4;Qg6+;Kd7;Qg8;Rh5;f5;Kd6;Kf4;e5+;Ke3;Nd7;Kxe4;c4;Rg1;Rb1;Qb8+;Kc6;Re1;Bb7;Ke3;Kb6;Bf1;Nxb8;Be2;Na6;Bxh5;Kc7;Kf2;Ra1;Re4;Kc6;Be2;Rc1;Bh5;Kb5;Be2;Bc6;Kg3;Bd5;Bh5;Ba8;Bf7;Nc5;Bd5;Rh1;Bxa8;Nb7;Kg2;cxb3;Rc4;Nd8;Rc8;Rh3;Kxh3;b2;Kh2;e4;Rc3;Nc6;f6;Nd4;Kg2;Nb3;Rc5+;Kb6;Bxe4;Na1;Kh2;b1=N;Bh7;Nc2;f7;d2;Rh5;Nc3;Rc5;b3;Ra5;Nb4;Ra2;Na4;Ra1;d1=R;f8=R;Nc3;Ra3;Na4;Rd8;Rb1;Kg2;Nc6;Kf2;Ka7;Rd4;b2;Rh4;Rf1+;Kg3;b1=Q;Bg6;Qb6;Rh1;Qb8+;Kg2;Qf4;Bh5;Qd4;Kh2;Na5;Rd3;Kb7;Bd1;Qb6;Rd6;Rf8;Rxb6+;Ka8;Bf3+;Ka7;Bc6;Rb8;Re1;Rg8;Bh1;Nb3;Rb5;Rb8;Rc1;Nd2;Ra1;Nf1+;Kg2;Ng3;Rb3;Ka6;Rb4;Rb5;Kh2;Re5;Ra3;Nf5;Bb7+;Ka7;Rh4;Re6;Be4;Nh6;Rg4;Rc6;Rgg3;Rg6;Rgc3;Nf5;Ba8;Ne3;Bd5;Kb8;Bf3;Rh6+;Kg3;Rh5;Rab3+;Rb5;Rxb5+;Ka7;Rcc5;Ng2;Rc2;Nf4;Be2;Nc5;Rbb2;Nxe2+;Kg2;Ne6;Kf2;Nd8;Rb1;Ng3;Ra1+;Kb7;Rc5;Ne6;Rca5;Kb6;Rc5;Nxc5;Ke1;Nb7;Ra3;Nd6;Rd3;Ka5;Kf2;Nh1+;Kf1;Kb5;Rxd6;Kb4;Rb6+;Kc5;Rb2;Kc4;Rg2;Kc3;Rg4;Kb2;Rg1;Ng3+;Kf2;Kc3;Rxg3+;Kc4;Kg1;Kb4;Rg5;Kc4;Rg3;Kd5;Rh3;Kd6;Kh2;Kd7;Rh7+;Kd6;Rb7;Kc6;Rb8;Kc5;Rb7;Kd4;Kg1;Kd3;Rg7;Kc3;Kh2;Kd2;Rg3;Ke1;Rb3;Kf1;Ra3;Ke2;Kg1;Kd2;Rh3;Kc1;Rh6;Kd1;Rf6;Kd2;Rf4;Kc3;Kh1;Kb2;Rc4;Ka3;Rh4;Kb2;Ra4;Kc1;Rc4+;Kb1;Kg2;Ka1;Rh4;Ka2;Rh7;Kb1;Rh5;Kc1;Rh4;Kb1;Kg1;Kc2;Kg2;Kb1;Kh2;Kb2;Rg4;Ka1;Rc4;Kb2;Rc7;Kb3;Rc5;Ka3;Rc8;Ka4;Rd8;Ka5;Kg3;Ka4;Rd3;Ka5;Kg4;Ka4;Rd2;Kb3;Kf5;Kc4;Kg6;Kb5;Rg2;Kc4;Kf6;Kc5;Kf5;Kd5;Rf2;Kc5;Kg4;Kb6;Rf8;Ka7;Rf2;Ka8;Rf3;Kb8;Rf5;Ka7;Kh5;Kb8;Rc5;Ka8;Rc4;Kb7;Kg6;Kb6;Rc5;Ka6;Rc2;Ka5;Rc7;Ka4;Kf7;Kb3;Rd7;Ka4;Rd4+;Ka3;Rh4;Kb2;Ra4;Kc2;Ke7;Kd1;Ra3;Ke1;Kd6;Kd2;Rc3;Ke1;Rc8;Kd2;Rf8;Kc2;Rf2+;Kb3;Kc7;Kc4;Kb8
2025-07-21T21:19:24.489754,Human_vs_KI,1-0,Nf3;f6;Nh4;Nh6;Nc3;b5;Nxb5;c5;Nd6+;exd6;e4;Nf5;Qh5+;Ke7;exf5;Bb7;Bc4;Bd5;Bxd5;Rg8;c4;h6;Qxh6;a6;Qxg7+;Ke8;Qxg8;Qc7;Ng6;Qc8;Qxf8#
